Genome	NCBI assembly	File
115	GCF_000264335.1	./genomes/115.genome.gbff
116-2	GCF_000264355.1	./genomes/116-2.genome.gbff
67-28	GCA_001898415.1	./genomes/67-28.genome.gbff
68-29	GCA_001899565.1	./genomes/68-29.genome.gbff
7MK24	GCF_014842995.1	./genomes/7MK24.genome.gbff
A1T4	GCF_014207185.1	./genomes/A1T4.genome.gbff
ANJX3	GCF_014200755.1	./genomes/ANJX3.genome.gbff
B04	GCF_002001125.1	./genomes/B04.genome.gbff
B05	GCF_002001085.1	./genomes/B05.genome.gbff
B2A1Ga4	GCF_018101315.1	./genomes/B2A1Ga4.genome.gbff
B39	GCF_000264295.1	./genomes/B39.genome.gbff
C01	GCF_002001045.1	./genomes/C01.genome.gbff
C03	GCF_002001175.1	./genomes/C03.genome.gbff
C05	GCF_002001165.1	./genomes/C05.genome.gbff
C06	GCF_002001105.1	./genomes/C06.genome.gbff
CR1	GCF_003069545.1	./genomes/CR1.genome.gbff
DHB23	GCF_014842975.1	./genomes/DHB23.genome.gbff
DHG33	GCF_014843005.1	./genomes/DHG33.genome.gbff
DSM17932	GCF_004799035.1	./genomes/DSM17932.genome.gbff
DSM-24678	GCF_021560635.1	./genomes/DSM-24678.ncbi.1.genome.gbff
FDAARGOS_1247	GCF_016889805.1	./genomes/FDAARGOS_1247.genome.gbff
FW021_bin.3	GCA_004299705.1	./genomes/FW021_bin.3.genome.gbff
FW021_bin.35	GCA_004299555.1	./genomes/FW021_bin.35.genome.gbff
FW104-10B01	GCF_021560695.1	./genomes/FW104-10B01.ncbi.1.genome.gbff
FW104-10F02	GCF_021560655.1	./genomes/FW104-10F02.ncbi.1.genome.gbff
FW104-MT042	GCF_021545865.1	./genomes/FW104-MT042.ncbi.1.genome.gbff
FW104-R3	GCF_021560675.1	./genomes/FW104-R3.ncbi.2.genome.gbff
FW104-R5	GCF_021545825.1	./genomes/FW104-R5.ncbi.1.genome.gbff
FW104-R8	GCF_060482245.1	./genomes/FW104-R8.ncbi.3.gbff
FW104-T7	GCF_058789955.1	./genomes/FW104-T7.4.genome.gbff
FW106_bin.6	GCA_004298505.1	./genomes/FW106_bin.6.genome.gbff
FW106-02_bin.6	GCA_004297905.1	./genomes/FW106-02_bin.6.genome.gbff
FW106-02_bin.8	GCA_004298975.1	./genomes/FW106-02_bin.8.genome.gbff
FW106-02_bin.9	GCA_004299675.1	./genomes/FW106-02_bin.9.genome.gbff
FW106-10_bin.17	GCA_004322165.1	./genomes/FW106-10_bin.17.genome.gbff
FW106-10_bin.24	GCA_004298015.1	./genomes/FW106-10_bin.24.genome.gbff
FW106-PBR-LB-1-21	GCF_041107375.1	./genomes/FW106-PBR-LB-1-21.ncbi.1.genome.gbff
FW106-PBR-LB-2-11	GCF_041107305.1	./genomes/FW106-PBR-LB-2-11.ncbi.1.genome.gbff
FW106-PBR-LB-2-19	GCF_041107355.1	./genomes/FW106-PBR-LB-2-19.ncbi.1.genome.gbff
FW106-PBR-R2A-1-13	GCF_041107195.1	./genomes/FW106-PBR-R2A-1-13.ncbi.1.genome.gbff
FW106-PBR-R2A-3-15	GCF_041107455.1	./genomes/FW106-PBR-R2A-3-15.ncbi.1.genome.gbff
FW107-2APBS1	GCF_021560615.1	./genomes/FW107-2APBS1.ncbi.1.genome.gbff
FW510-R10	GCF_001617435.1	./genomes/FW510-R10.ncbi.1.genome.gbff
FW510-R12	GCF_021545845.1	./genomes/FW510-R12.ncbi.1.genome.gbff
FW510-T8	GCF_001617375.1	./genomes/FW510-T8.ncbi.1.genome.gbff
Jip2	GCF_000264315.1	./genomes/Jip2.genome.gbff
K2T2	GCF_013408815.1	./genomes/K2T2.genome.gbff
KCTC22232	GCF_014651895.1	./genomes/KCTC22232.genome.gbff
L36	GCF_009765755.1	./genomes/L36.genome.gbff
LCS2	GCF_000264375.1	./genomes/LCS2.genome.gbff
LX-100	GCF_018599225.1	./genomes/LX-100.genome.gbff
LX-99	GCF_018599185.1	./genomes/LX-99.genome.gbff
MO64	GCF_900114325.1	./genomes/MO64.genome.gbff
MP1X3	GCF_014207165.1	./genomes/MP1X3.genome.gbff
MP7CTX1	GCF_014205795.1	./genomes/MP7CTX1.genome.gbff
OK091	GCF_900142825.1	./genomes/OK091.genome.gbff
OR444	GCF_000427505.1	./genomes/OR444.genome.gbff
OR87	GCF_000473345.1	./genomes/OR87.genome.gbff
OR92	GCF_000427545.1	./genomes/OR92.genome.gbff
PCA2	GCF_013620825.1	./genomes/PCA2.genome.gbff
RIFOXYA1_FULL_67_6	GCA_001830405.1	./genomes/RIFOXYA1_FULL_67_6.genome.gbff
Root179	GCF_001428465.1	./genomes/Root179.genome.gbff
Root480	GCF_001426645.1	./genomes/Root480.genome.gbff
Root561	GCF_001427365.1	./genomes/Root561.genome.gbff
Root627	GCF_001427835.1	./genomes/Root627.genome.gbff
S10	GCF_006438785.1	./genomes/S10.genome.gbff
S13Y	GCF_006438715.1	./genomes/S13Y.genome.gbff
S2_005_003_R2_42	GCA_003241385.1	./genomes/S2_005_003_R2_42.genome.gbff
SCN18_26_2_15_R2_P_68_51	GCA_017305365.1	./genomes/SCN18_26_2_15_R2_P_68_51.genome.gbff
SCN18_26_2_15_R4_B_68_45	GCA_017305355.1	./genomes/SCN18_26_2_15_R4_B_68_45.genome.gbff
SCN18_26_2_15_R4_B_69_138	GCA_017305315.1	./genomes/SCN18_26_2_15_R4_B_69_138.genome.gbff
SCN66-43	GCA_001725765.1	./genomes/SCN66-43.genome.gbff
SCN67-45	GCA_001724655.1	./genomes/SCN67-45.genome.gbff
SCN68-63	GCA_001725485.1	./genomes/SCN68-63.genome.gbff
SCN69-32	GCA_001725465.1	./genomes/SCN69-32.genome.gbff
Soil772	GCF_001428385.1	./genomes/Soil772.genome.gbff
T01E-68	GCF_008000795.1	./genomes/T01E-68.genome.gbff
T12-5	GCF_008329435.1	./genomes/T12-5.genome.gbff
TND4EH1	GCF_002749725.1	./genomes/TND4EH1.genome.gbff
TND4FH1	GCF_004366255.1	./genomes/TND4FH1.genome.gbff
VAB	GCA_012972865.1	./genomes/VAB.genome.gbff
Yn1	GCF_003335105.1	./genomes/Yn1.genome.gbff
