Genome	AcrR	ArsR	Clp	DmlR	ExuR	HxlR	LacI1	LacI2	LutR	NreC	NtrC	OxyR	PhoP	PilR	RbsR	YttP	ZntR	ZraR2	Zur
115	UU5_RS03515		UU5_RS18360		UU5_RS16990	UU5_RS02695		UU5_RS10760		UU5_RS12105	UU5_RS13110		UU5_RS08710	UU5_RS16970		UU5_RS14125			UU5_RS00560
7MK24	IHE49_RS12595		IHE49_RS13200		IHE49_RS00070		IHE49_RS06480	IHE49_RS06895	IHE49_RS11275	IHE49_RS10030, IHE49_RS09870	IHE49_RS14765	IHE49_RS00265	IHE49_RS17745, IHE49_RS01185	IHE49_RS00030	IHE49_RS15005	IHE49_RS09570			IHE49_RS10975
A1T4	HDE80_RS01300	HDE80_RS14335	HDE80_RS09245		HDE80_RS10430	HDE80_RS19465	HDE80_RS11595		HDE80_RS10215, HDE80_RS16300	HDE80_RS16630	HDE80_RS11795	HDE80_RS10645	HDE80_RS02225	HDE80_RS10400	HDE80_RS12495	HDE80_RS08040			HDE80_RS20190
ANJX3	HDE76_RS19505	HDE76_RS06775	HDE76_RS14335		HDE76_RS11040		HDE76_RS16600		HDE76_RS11185, HDE76_RS00290	HDE76_RS03110, HDE76_RS03175, HDE76_RS16665	HDE76_RS16870	HDE76_RS10840	HDE76_RS17865	HDE76_RS11080	HDE76_RS13830	HDE76_RS01870			HDE76_RS05565
B04	B0E46_RS02060		B0E46_RS13585		B0E46_RS08875		B0E46_RS14165		B0E46_RS08980	B0E46_RS14745	B0E46_RS12225	B0E46_RS08535	B0E46_RS00860	B0E46_RS08905	B0E46_RS11890	B0E46_RS07590			B0E46_RS09575
B05	B0E47_RS01225		B0E47_RS05765	B0E47_RS02110	B0E47_RS03220		B0E47_RS02470		B0E47_RS04735		B0E47_RS01745	B0E47_RS01090	B0E47_RS03900	B0E47_RS03195	B0E47_RS02670	B0E47_RS07600			B0E47_RS14365
B2A1Ga4	IMW82_RS08370	IMW82_RS01510	IMW82_RS12165		IMW82_RS07835		IMW82_RS15580	IMW82_RS02430			IMW82_RS16710	IMW82_RS07610	IMW82_RS07440	IMW82_RS07860	IMW82_RS10740	IMW82_RS03210		IMW82_RS09235	IMW82_RS01280
B39	UU7_RS09300	UU7_RS02685	UU7_RS08390				UU7_RS11795	UU7_RS12650		UU7_RS00495, UU7_RS04525	UU7_RS16290	UU7_RS11530	UU7_RS14625	UU7_RS11330	UU7_RS15445	UU7_RS12570			UU7_RS02420
C01	B0E50_RS09925		B0E50_RS09525		B0E50_RS14765		B0E50_RS08570		B0E50_RS14575		B0E50_RS08830	B0E50_RS15070	B0E50_RS11070	B0E50_RS14735	B0E50_RS04345	B0E50_RS12425	B0E50_RS04440		B0E50_RS14185
C03	B0E48_RS13085		B0E48_RS01860				B0E48_RS00215		B0E48_RS02640	B0E48_RS10220, B0E48_RS10100	B0E48_RS16670	B0E48_RS13605	B0E48_RS13885	B0E48_RS02700	B0E48_RS06525	B0E48_RS09915			B0E48_RS11830
C05	B0E51_RS16110		B0E51_RS00060				B0E51_RS01880			B0E51_RS09745	B0E51_RS02150	B0E51_RS03705	B0E51_RS18115	B0E51_RS03430	B0E51_RS12970	B0E51_RS07410			B0E51_RS05810
C06	B0E52_RS03265		B0E52_RS13940		B0E52_RS05495		B0E52_RS16090	B0E52_RS12330	B0E52_RS02650, B0E52_RS16330		B0E52_RS13520	B0E52_RS05285	B0E52_RS13380	B0E52_RS05535	B0E52_RS04775	B0E52_RS14270			B0E52_RS09290
CR1	DA389_RS01410	DA389_RS06155	DA389_RS02370		DA389_RS03720		DA389_RS10225	DA389_RS10800			DA389_RS10465	DA389_RS03495	DA389_RS03325	DA389_RS03745	DA389_RS00170	DA389_RS15650		DA389_RS07495	DA389_RS06370
DHB23	IHE47_RS10440		IHE47_RS15065				IHE47_RS16925	IHE47_RS01020	IHE47_RS07980	IHE47_RS12640	IHE47_RS17510	IHE47_RS05530	IHE47_RS06375	IHE47_RS05320	IHE47_RS07580	IHE47_RS13040			IHE47_RS02340
DHG33	IHE46_RS01555		IHE46_RS01490		IHE46_RS03080		IHE46_RS06840	IHE46_RS06695	IHE46_RS00950		IHE46_RS07580	IHE46_RS03270	IHE46_RS03645	IHE46_RS03030	IHE46_RS02425	IHE46_RS15515			IHE46_RS14860
DSM-24678	LRK24_RS16435	LRK24_RS12420	LRK24_RS04220		LRK24_RS16020		LRK24_RS00790			LRK24_RS04235	LRK24_RS00515	LRK24_RS15790	LRK24_RS15105	LRK24_RS16045	LRK24_RS17980	LRK24_RS10760	LRK24_RS02200	LRK24_RS01845	LRK24_RS12670
DSM17932	B1991_RS04635	B1991_RS12190	B1991_RS08265		B1991_RS15975		B1991_RS05520				B1991_RS00410	B1991_RS18140	B1991_RS01530	B1991_RS15950	B1991_RS16800	B1991_RS09720	B1991_RS06440		B1991_RS00670
FDAARGOS_1247	I6J77_RS14605	I6J77_RS07110	I6J77_RS02920				I6J77_RS00905			I6J77_RS13185	I6J77_RS00515	I6J77_RS13775	I6J77_RS04370	I6J77_RS13975	I6J77_RS17510	I6J77_RS08770			I6J77_RS06855
FW021_bin.3	EPN36_08575		EPN36_04705				EPN36_01300		EPN36_12660	EPN36_01840	EPN36_15670	EPN36_12365	EPN36_12835	EPN36_12615					EPN36_09450
FW021_bin.35	EPN38_03165		EPN38_07780						EPN38_01905	EPN38_08880	EPN38_01035	EPN38_05825	EPN38_02095	EPN38_01755			EPN38_07410		EPN38_03745
FW104-10B01	LRK54_RS05415	LRK54_RS01385	LRK54_RS11585		LRK54_RS04995		LRK54_RS07715			LRK54_RS11600	LRK54_RS07980	LRK54_RS04765	LRK54_RS04090	LRK54_RS05020	LRK54_RS08670	LRK54_RS00060	LRK54_RS09615	LRK54_RS06595	LRK54_RS01640
FW104-MT042	LRK55_RS05190	LRK55_RS01150	LRK55_RS11315		LRK55_RS04775		LRK55_RS07445			LRK55_RS11330	LRK55_RS07730	LRK55_RS04545	LRK55_RS03860	LRK55_RS04800	LRK55_RS08435	LRK55_RS18055	LRK55_RS09275	LRK55_RS06340	LRK55_RS01420
FW104-R8	AC7AOA_RS14015		AC7AOA_RS02990	AC7AOA_RS16215	AC7AOA_RS13650		AC7AOA_RS01020		AC7AOA_RS02775		AC7AOA_RS00790	AC7AOA_RS13405	AC7AOA_RS04320	AC7AOA_RS13670	AC7AOA_RS17080	AC7AOA_RS08150	AC7AOA_RS00630	AC7AOA_RS15475	AC7AOA_RS10455
FW104-T7	AC3WQ2_RS16535	AC3WQ2_RS01725	AC3WQ2_RS10250	AC3WQ2_RS12120	AC3WQ2_RS16865		AC3WQ2_RS14295		AC3WQ2_RS12250	AC3WQ2_RS10235	AC3WQ2_RS14015	AC3WQ2_RS17165	AC3WQ2_RS17800	AC3WQ2_RS16840	AC3WQ2_RS13190	AC3WQ2_RS03785			AC3WQ2_RS01495
FW106-02_bin.6	EPN66_12310		EPN66_09040			EPN66_10035	EPN66_02985	EPN66_04920	EPN66_08400		EPN66_09245	EPN66_05590	EPN66_11860	EPN66_12370	EPN66_02865	EPN66_07545			EPN66_07665
FW106-02_bin.8	EPN68_18495		EPN68_08190		EPN68_00715	EPN68_15830		EPN68_07285	EPN68_01730	EPN68_05975	EPN68_06515	EPN68_18075	EPN68_01980	EPN68_08995		EPN68_03010			EPN68_03845
FW106-10_bin.17	EPN71_00370, EPN71_06255		EPN71_02970						EPN71_07025		EPN71_00940	EPN71_08990, EPN71_17220	EPN71_01440				EPN71_13110		EPN71_03185
FW106-10_bin.24	EPN74_09525		EPN74_03280		EPN74_01395				EPN74_09650		EPN74_16385	EPN74_04100	EPN74_02875	EPN74_01420	EPN74_13745	EPN74_15105	EPN74_06670		EPN74_01715
FW106-PBR-LB-1-21	AB7872_RS14610			AB7872_RS16845	AB7872_RS14245		AB7872_RS01020		AB7872_RS02780		AB7872_RS00795	AB7872_RS14000	AB7872_RS04345	AB7872_RS14270	AB7872_RS17825	AB7872_RS08190	AB7872_RS00635	AB7872_RS16085	AB7872_RS10995
FW106-PBR-R2A-3-15	AB7878_RS12815		AB7878_RS06585		AB7878_RS05590		AB7878_RS08615	AB7878_RS02555	AB7878_RS04000, AB7878_RS03995, AB7878_RS07645		AB7878_RS09390	AB7878_RS05370	AB7878_RS04480	AB7878_RS05630	AB7878_RS10150	AB7878_RS17350			AB7878_RS16375
FW107-2APBS1	LRJ86_RS01125	LRJ86_RS05140	LRJ86_RS13780		LRJ86_RS01535		LRJ86_RS17395			LRJ86_RS13765	LRJ86_RS17110	LRJ86_RS01765	LRJ86_RS02465	LRJ86_RS01510	LRJ86_RS16415	LRJ86_RS06965	LRJ86_RS15760	LRJ86_RS18470	LRJ86_RS04870
FW510-R12	LRK53_RS04590		LRK53_RS16970	LRK53_RS02810	LRK53_RS05015	LRK53_RS05070	LRK53_RS00805	LRK53_RS09640	LRK53_RS04915	LRK53_RS16955	LRK53_RS00570	LRK53_RS05255	LRK53_RS05835	LRK53_RS04990	LRK53_RS02445	LRK53_RS11205			LRK53_RS08415
FW510-T8	RhoFW510T8_RS01935		RhoFW510T8_RS05165	RhoFW510T8_RS16160	RhoFW510T8_RS14230		RhoFW510T8_RS08045		RhoFW510T8_RS04950		RhoFW510T8_RS09235	RhoFW510T8_RS09425	RhoFW510T8_RS06710	RhoFW510T8_RS14250	RhoFW510T8_RS06940	RhoFW510T8_RS00475	RhoFW510T8_RS07725	RhoFW510T8_RS04235	RhoFW510T8_RS00990
Jip2	UU9_RS05030		UU9_RS07885			UU9_RS13795	UU9_RS04835		UU9_RS09710	UU9_RS05720	UU9_RS09085	UU9_RS02535	UU9_RS01690	UU9_RS02770		UU9_RS06730			UU9_RS15950
K2T2	HDE78_RS18945	HDE78_RS12280	HDE78_RS19215		HDE78_RS06635		HDE78_RS09935		HDE78_RS06780, HDE78_RS18645	HDE78_RS02120, HDE78_RS02185, HDE78_RS10000	HDE78_RS10210	HDE78_RS06435	HDE78_RS05160	HDE78_RS06675	HDE78_RS18030	HDE78_RS00860			HDE78_RS13495
KCTC22232	IE071_RS00945		IE071_RS10920				IE071_RS12545		IE071_RS09950	IE071_RS00215	IE071_RS12790	IE071_RS09650	IE071_RS01705	IE071_RS09860	IE071_RS13305	IE071_RS05920		IE071_RS15475	IE071_RS07405
L36	GSQ73_RS08835		GSQ73_RS01465		GSQ73_RS00440	GSQ73_RS11560	GSQ73_RS03235	GSQ73_RS16875	GSQ73_RS05000	GSQ73_RS09590, GSQ73_RS17700, GSQ73_RS11630	GSQ73_RS03450	GSQ73_RS05160	GSQ73_RS16485	GSQ73_RS00475	GSQ73_RS04010	GSQ73_RS13310			GSQ73_RS14775
LCS2	UUA_RS18135	UUA_RS03530	UUA_RS05965	UUA_RS11445	UUA_RS17600		UUA_RS13050		UUA_RS13355	UUA_RS05950	UUA_RS13170	UUA_RS08580	UUA_RS07955	UUA_RS17625	UUA_RS15995	UUA_RS09425			UUA_RS03310
LX-100	KK133_RS14360	KK133_RS06555	KK133_RS02465	KK133_RS16260	KK133_RS13975		KK133_RS00655			KK133_RS02480	KK133_RS00375	KK133_RS13760	KK133_RS03865	KK133_RS14010	KK133_RS17105	KK133_RS08175		KK133_RS15490	KK133_RS06335
MO64	BMY90_RS10395		BMY90_RS04440		BMY90_RS12220	BMY90_RS16025		BMY90_RS08030		BMY90_RS04585	BMY90_RS13385	BMY90_RS07555	BMY90_RS14870	BMY90_RS12175		BMY90_RS01925			BMY90_RS12365
MP1X3	HDE79_RS10650	HDE79_RS16975	HDE79_RS03345		HDE79_RS04635	HDE79_RS07765	HDE79_RS01320		HDE79_RS04395, HDE79_RS18740	HDE79_RS04500	HDE79_RS01120	HDE79_RS04860	HDE79_RS08855	HDE79_RS04595	HDE79_RS00345	HDE79_RS12060			HDE79_RS15910
MP7CTX1	HDE77_RS08775		HDE77_RS12380		HDE77_RS14110		HDE77_RS11760			HDE77_RS11340, HDE77_RS07085, HDE77_RS09110	HDE77_RS11490	HDE77_RS03520	HDE77_RS08000	HDE77_RS03720	HDE77_RS01940	HDE77_RS13895			HDE77_RS05170
OK091	BUA26_RS19080		BUA26_RS05980	BUA26_RS17025	BUA26_RS04940		BUA26_RS08390		BUA26_RS18650	BUA26_RS12835, BUA26_RS13000	BUA26_RS08600	BUA26_RS04525	BUA26_RS15335	BUA26_RS04975	BUA26_RS09280	BUA26_RS13495			BUA26_RS11285
OR444	RHOOR444_RS0110735		RHOOR444_RS0107260	RHOOR444_RS19905	RHOOR444_RS0113630	RHOOR444_RS19845	RHOOR444_RS0103230	RHOOR444_RS0104180	RHOOR444_RS0113525	RHOOR444_RS0107245	RHOOR444_RS0101205	RHOOR444_RS0112380	RHOOR444_RS0112020	RHOOR444_RS0113605	RHOOR444_RS0102390	RHOOR444_RS0108770	RHOOR444_RS0105860		RHOOR444_RS0109760
OR87	RHOOR87_RS0116395	RHOOR87_RS0115600	RHOOR87_RS0106815		RHOOR87_RS0113700		RHOOR87_RS0115130			RHOOR87_RS0106800	RHOOR87_RS0111775	RHOOR87_RS0113930	RHOOR87_RS0118605	RHOOR87_RS0113675	RHOOR87_RS0111075	RHOOR87_RS0112730		RHOOR87_RS0109685	RHOOR87_RS0116550
PCA2	PCA_RS03040		PCA_RS13475		PCA_RS03975		PCA_RS00990	PCA_RS11815	PCA_RS15900		PCA_RS00435	PCA_RS04190	PCA_RS04700	PCA_RS03935	PCA_RS15555	PCA_RS08240			PCA_RS06705
RIFOXYA1_FULL_67_6	A2211_06640	A2211_12760					A2211_04095		A2211_05760		A2211_00825	A2211_07780	A2211_10320			A2211_06680			A2211_03685
Root179	ASD82_RS04845	ASD82_RS16050	ASD82_RS14380				ASD82_RS09875	ASD82_RS14620		ASD82_RS15760	ASD82_RS00315	ASD82_RS07680	ASD82_RS10755	ASD82_RS07885	ASD82_RS00920	ASD82_RS14700			ASD82_RS15685
Root480	ASD22_RS15200		ASD22_RS13920			ASD22_RS10835	ASD22_RS11470		ASD22_RS10115		ASD22_RS12370	ASD22_RS09125	ASD22_RS00385	ASD22_RS09395		ASD22_RS03885			ASD22_RS02325
Root561	ASD55_RS13320	ASD55_RS10210	ASD55_RS03445				ASD55_RS01190	ASD55_RS07670		ASD55_RS09925	ASD55_RS00800	ASD55_RS13980	ASD55_RS04870	ASD55_RS13775	ASD55_RS00125	ASD55_RS07745			ASD55_RS09850
Root627	ASD68_RS15305		ASD68_RS13590			ASD68_RS11015	ASD68_RS11545		ASD68_RS10255		ASD68_RS12400	ASD68_RS09335	ASD68_RS00365	ASD68_RS09540		ASD68_RS04245			ASD68_RS02425
S10	EAH75_RS09770		EAH75_RS11445	EAH75_RS17560	EAH75_RS10185		EAH75_RS15110			EAH75_RS02840, EAH75_RS02895, EAH75_RS04770, EAH75_RS18160	EAH75_RS14885	EAH75_RS10370	EAH75_RS13490	EAH75_RS10145	EAH75_RS14315	EAH75_RS04120		EAH75_RS18885	EAH75_RS06220
S13Y	EAH88_RS01350		EAH88_RS04100	EAH88_RS14090	EAH88_RS01765		EAH88_RS09390			EAH88_RS15515	EAH88_RS09165	EAH88_RS01950	EAH88_RS10290	EAH88_RS01725	EAH88_RS08595	EAH88_RS18480		EAH88_RS18405	EAH88_RS06940
S2_005_003_R2_42	DI564_13915								DI564_11540	DI564_05870, DI564_00875, DI564_00995	DI564_12655	DI564_07840							DI564_12145
SCN18_26_2_15_R2_P_68_51	J0I74_08260	J0I74_03035	J0I74_14710				J0I74_07900				J0I74_13120	J0I74_13895	J0I74_09560	J0I74_08515	J0I74_12620	J0I74_01595			J0I74_03255
SCN18_26_2_15_R4_B_68_45	J0I71_03075	J0I71_13375	J0I71_12365				J0I71_07025		J0I71_03545		J0I71_15210	J0I71_16075	J0I71_04390	J0I71_03605	J0I71_15430	J0I71_01070			J0I71_13605
SCN18_26_2_15_R4_B_69_138	J0I96_10260		J0I96_14975		J0I96_14275		J0I96_16560	J0I96_12930	J0I96_15160		J0I96_12100	J0I96_14060	J0I96_04185	J0I96_14315	J0I96_17250	J0I96_00380			J0I96_09155
SCN66-43	ABT18_04450		ABT18_12690	ABT18_03920			ABT18_03195			ABT18_11015	ABT18_01500	ABT18_14715	ABT18_06685	ABT18_12490	ABT18_03780				ABT18_02175
SCN67-45	ABS82_16880	ABS82_13230	ABS82_07135						ABS82_03260		ABS82_09535	ABS82_18420	ABS82_12650	ABS82_06995	ABS82_06810	ABS82_09435			ABS82_04800
SCN68-63	ABT19_06280		ABT19_01880					ABT19_04460			ABT19_09675	ABT19_07650	ABT19_12120, ABT19_00695		ABT19_03815	ABT19_05025			ABT19_12595
SCN69-32	ABT17_04965				ABT17_14070		ABT17_12925	ABT17_06480	ABT17_08815		ABT17_02915	ABT17_12515		ABT17_14030	ABT17_13255	ABT17_05615			ABT17_04195
Soil772	ASG75_RS12110	ASG75_RS04535	ASG75_RS08425	ASG75_RS14335	ASG75_RS12465		ASG75_RS10155			ASG75_RS09110, ASG75_RS10875	ASG75_RS10410	ASG75_RS12690	ASG75_RS07170	ASG75_RS12430	ASG75_RS11315	ASG75_RS03445		ASG75_RS15030	ASG75_RS04750
T01E-68	CS053_RS03745		CS053_RS15370		CS053_RS15920	CS053_RS12065	CS053_RS17835	CS053_RS06825		CS053_RS15215	CS053_RS18270	CS053_RS04595	CS053_RS05170	CS053_RS15940	CS053_RS01630	CS053_RS09780			CS053_RS12245
T12-5	CIW53_RS02480		CIW53_RS11985		CIW53_RS07840		CIW53_RS10665			CIW53_RS05955	CIW53_RS10460	CIW53_RS07635	CIW53_RS06725	CIW53_RS07885	CIW53_RS09910	CIW53_RS17020		CIW53_RS12345	CIW53_RS14415
TND4EH1	BJV55_RS12650		BJV55_RS06795			BJV55_RS02570	BJV55_RS08945				BJV55_RS09305	BJV55_RS16210	BJV55_RS05475	BJV55_RS16015	BJV55_RS09780	BJV55_RS03815		BJV55_RS14545	BJV55_RS10045
TND4FH1	BJV57_RS14005		BJV57_RS04255			BJV57_RS12020	BJV57_RS06075				BJV57_RS06415	BJV57_RS02615	BJV57_RS02970	BJV57_RS02810	BJV57_RS07050	BJV57_RS10845		BJV57_RS14390	BJV57_RS00145
VAB	HFP05_09050	HFP05_12350	HFP05_06615		HFP05_14405		HFP05_07880		HFP05_15200	HFP05_08725		HFP05_16330	HFP05_04185	HFP05_09860	HFP05_16925	HFP05_07150		HFP05_04620	HFP05_05110
Yn1	DEO45_RS02030		DEO45_RS11125	DEO45_RS12600	DEO45_RS01670		DEO45_RS15775		DEO45_RS15530		DEO45_RS16025	DEO45_RS01445	DEO45_RS13430	DEO45_RS01695	DEO45_RS00225	DEO45_RS02680			DEO45_RS07870
