Name	TotalFragments	SubsampledFragments	AlignmentRate(%)	FilteredAlignedFragments	MedianFragmentSize(bp)	AmpCycles	Peaks	Summits	FRIP	Organism	TF	MaxPeakSignal
LRK53_RS05070_R_sp._FW510-R12_DAPi710F01-ORGi5081-96P404	2433057	1000141	98.13	944415	114.0	10	686	723	0.66191	Rhodanobacter_sp._FW510-R12	LRK53_RS05070	502.58
LRK53_RS00570_R_sp._FW510-R12_DAPi710D11-ORGi5081-96P404	1455179	999580	97.79	951143	111.0	10	425	441	0.55893	Rhodanobacter_sp._FW510-R12	LRK53_RS00570	706.918
LRK53_RS16970_R_sp._FW510-R12_DAPi710A07-ORGi5081-96P404	7412277	1001074	97.6	940430	102.0	10	954	1027	0.46835	Rhodanobacter_sp._FW510-R12	LRK53_RS16970	538.181
LRK53_RS02445_R_sp._FW510-R12_DAPi710E10-ORGi5081-96P404	889148	889148	96.98	842163	109.0	10	8	8	0.45012	Rhodanobacter_sp._FW510-R12	LRK53_RS02445	1324.77
LRK53_RS04915_R_sp._FW510-R12_DAPi710D07-ORGi5081-96P404	752749	752749	98.12	719895	109.0	10	40	41	0.40596	Rhodanobacter_sp._FW510-R12	LRK53_RS04915	1519.25
LRK53_RS15305_R_sp._FW510-R12_DAPi710H10-ORGi5081-96P404	2879338	1000272	98.0	945368	109.0	10	706	766	0.32452	Rhodanobacter_sp._FW510-R12	LRK53_RS15305	548.507
LRK54_RS01640_R_sp._FW510-R12_DAPi710A02-ORGi5081-96P404	1223990	1000324	98.19	953906	107.0	10	3	3	0.28662	Rhodanobacter_sp._FW510-R12	LRK54_RS01640	934.732
LRK53_RS11205_R_sp._FW510-R12_DAPi710A03-ORGi5081-96P404	1059393	999944	98.19	953224	104.0	10	19	19	0.2837	Rhodanobacter_sp._FW510-R12	LRK53_RS11205	1157.02
LRK54_RS11585_R_sp._FW510-R12_DAPi710H06-ORGi5081-96P404	11548815	1001140	97.83	940551	95.0	10	900	949	0.24918	Rhodanobacter_sp._FW510-R12	LRK54_RS11585	253.529
LRK53_RS09640_R_sp._FW510-R12_DAPi710B10-ORGi5081-96P404	4309604	1001237	97.73	935778	115.0	10	835	910	0.2149	Rhodanobacter_sp._FW510-R12	LRK53_RS09640	281.108
LRK54_RS00060_R_sp._FW510-R12_DAPi710H02-ORGi5081-96P404	912907	912907	98.08	866997	110.0	10	16	16	0.21155	Rhodanobacter_sp._FW510-R12	LRK54_RS00060	931.01
LRK54_RS08670_R_sp._FW510-R12_DAPi710A10-ORGi5081-96P404	904741	904741	97.51	853614	107.0	10	4	4	0.20479	Rhodanobacter_sp._FW510-R12	LRK54_RS08670	923.778
LRK53_RS05015_R_sp._FW510-R12_DAPi710H09-ORGi5081-96P404	728362	728362	97.81	687645	110.0	10	2	2	0.15581	Rhodanobacter_sp._FW510-R12	LRK53_RS05015	1469.77
LRK53_RS16955_R_sp._FW510-R12_DAPi710G03-ORGi5081-96P404	1231515	1000292	98.04	935822	110.0	10	55	55	0.13651	Rhodanobacter_sp._FW510-R12	LRK53_RS16955	597.026
LRK54_RS04995_R_sp._FW510-R12_DAPi710G09-ORGi5081-96P404	5836218	1000462	98.06	944341	103.0	10	227	239	0.11176	Rhodanobacter_sp._FW510-R12	LRK54_RS04995	457.656
LRK53_RS04505_R_sp._FW510-R12_DAPi710C12-ORGi5081-96P404	6927189	1001113	97.63	914123	94.0	10	605	647	0.0807	Rhodanobacter_sp._FW510-R12	LRK53_RS04505	6.35125
LRK54_RS07715_R_sp._FW510-R12_DAPi710G10-ORGi5081-96P404	3407663	1000700	97.81	931827	113.0	10	76	78	0.07482	Rhodanobacter_sp._FW510-R12	LRK54_RS07715	393.324
LRK54_RS06595_R_sp._FW510-R12_DAPi710H11-ORGi5081-96P404	902514	902514	98.12	849660	109.0	10	44	46	0.0653	Rhodanobacter_sp._FW510-R12	LRK54_RS06595	246.226
LRK53_RS04990_R_sp._FW510-R12_DAPi710F11-ORGi5081-96P404	549234	549234	98.01	518038	108.0	10	2	2	0.02528	Rhodanobacter_sp._FW510-R12	LRK53_RS04990	394.346
LRK53_RS09950_R_sp._FW510-R12_DAPi710G01-ORGi5081-96P404	640174	640174	97.98	602188	110.0	10	10	11	0.02109	Rhodanobacter_sp._FW510-R12	LRK53_RS09950	262.055
LRK54_RS05020_R_sp._FW510-R12_DAPi710E11-ORGi5081-96P404	638370	638370	97.99	601215	108.0	10	3	3	0.01416	Rhodanobacter_sp._FW510-R12	LRK54_RS05020	247.725
LRK53_RS02810_R_sp._FW510-R12_DAPi710A09-ORGi5081-96P404	1356355	999652	97.9	941038	114.0	10	20	20	0.00892	Rhodanobacter_sp._FW510-R12	LRK53_RS02810	44.4852
LRK53_RS08415_R_sp._FW510-R12_DAPi710D12-ORGi5081-96P404	608118	608118	97.86	572612	107.0	10	3	4	0.00477	Rhodanobacter_sp._FW510-R12	LRK53_RS08415	65.9956
LRK53_RS17390_R_sp._FW510-R12_DAPi710G06-ORGi5081-96P404	760787	760787	97.92	715079	109.0	10	1	1	0.00415	Rhodanobacter_sp._FW510-R12	LRK53_RS17390	62.0236
LRK53_RS13585_R_sp._FW510-R12_DAPi710C06-ORGi5081-96P404	328989	328989	97.98	309499	105.0	10	4	4	0.00376	Rhodanobacter_sp._FW510-R12	LRK53_RS13585	45.8406
LRK54_RS05415_R_sp._FW510-R12_DAPi710C02-ORGi5081-96P404	221222	221222	97.86	207507	111.0	10	3	3	0.00355	Rhodanobacter_sp._FW510-R12	LRK54_RS05415	51.8741
LRK54_RS15030_R_sp._FW510-R12_DAPi710A06-ORGi5081-96P404	949990	949990	98.04	893598	106.0	10	3	3	0.00189	Rhodanobacter_sp._FW510-R12	LRK54_RS15030	22.5191
LRK53_RS11475_R_sp._FW510-R12_DAPi710H03-ORGi5081-96P404	751571	751571	97.99	706576	109.0	10	1	1	0.00068	Rhodanobacter_sp._FW510-R12	LRK53_RS11475	8.07932
LRK54_RS05985_R_sp._FW510-R12_DAPi710F06-ORGi5081-96P404	556428	556428	98.08	523560	106.0	10	1	1	0.00038	Rhodanobacter_sp._FW510-R12	LRK54_RS05985	6.15338
LRK53_RS15590_R_sp._FW510-R12_DAPi710D10-ORGi5081-96P404	847804	847804	98.0	799002	110.0	10	2	2	0.00033	Rhodanobacter_sp._FW510-R12	LRK53_RS15590	5.00478
LRK53_RS05835_R_sp._FW510-R12_DAPi710F07-ORGi5081-96P404	460888	460888	98.12	433947	108.0	10	1	1	0.00032	Rhodanobacter_sp._FW510-R12	LRK53_RS05835	6.42166
LRK54_RS14095_R_sp._FW510-R12_DAPi710A08-ORGi5081-96P404	894864	894864	98.07	842155	106.0	10	1	1	0.00027	Rhodanobacter_sp._FW510-R12	LRK54_RS14095	5.01099
LRK53_RS09405_R_sp._FW510-R12_DAPi710B04-ORGi5081-96P404	1056352	1000078	97.94	940005	107.0	10	1	1	0.00024	Rhodanobacter_sp._FW510-R12	LRK53_RS09405	8.7632
LRK53_RS00075_R_sp._FW510-R12_DAPi710E04-ORGi5081-96P404	585017	585017	97.99	550201	109.0	10	0	0	0.0	Rhodanobacter_sp._FW510-R12	LRK53_RS00075	0.0
LRK53_RS05255_R_sp._FW510-R12_DAPi710H08-ORGi5081-96P404	291793	291793	98.21	274497	106.0	10	0	0	0.0	Rhodanobacter_sp._FW510-R12	LRK53_RS05255	0.0
LRK53_RS05540_R_sp._FW510-R12_DAPi710B11-ORGi5081-96P404	874828	874828	97.93	823072	106.0	10	0	0	0.0	Rhodanobacter_sp._FW510-R12	LRK53_RS05540	0.0
LRK53_RS05865_R_sp._FW510-R12_DAPi710F02-ORGi5081-96P404	465872	465872	97.98	438058	109.0	10	0	0	0.0	Rhodanobacter_sp._FW510-R12	LRK53_RS05865	0.0
LRK53_RS07045_R_sp._FW510-R12_DAPi710B06-ORGi5081-96P404	928075	928075	98.05	872371	109.0	10	0	0	0.0	Rhodanobacter_sp._FW510-R12	LRK53_RS07045	0.0
LRK53_RS07925_R_sp._FW510-R12_DAPi710G08-ORGi5081-96P404	728422	728422	98.05	685452	111.0	10	0	0	0.0	Rhodanobacter_sp._FW510-R12	LRK53_RS07925	0.0
LRK53_RS00610_R_sp._FW510-R12_DAPi710C07-ORGi5081-96P404	504803	504803	98.05	474930	108.0	10	0	0	0.0	Rhodanobacter_sp._FW510-R12	LRK53_RS00610	0.0
LRK53_RS08405_R_sp._FW510-R12_DAPi710C05-ORGi5081-96P404	500197	500197	98.02	470973	105.0	10	0	0	0.0	Rhodanobacter_sp._FW510-R12	LRK53_RS08405	0.0
LRK53_RS09195_R_sp._FW510-R12_DAPi710F09-ORGi5081-96P404	501788	501788	98.07	472125	109.0	10	0	0	0.0	Rhodanobacter_sp._FW510-R12	LRK53_RS09195	0.0
LRK53_RS10130_R_sp._FW510-R12_DAPi710B12-ORGi5081-96P404	1342363	999772	97.94	941729	104.0	10	0	0	0.0	Rhodanobacter_sp._FW510-R12	LRK53_RS10130	0.0
LRK53_RS11405_R_sp._FW510-R12_DAPi710C03-ORGi5081-96P404	437467	437467	98.03	411734	106.0	10	0	0	0.0	Rhodanobacter_sp._FW510-R12	LRK53_RS11405	0.0
LRK53_RS11415_R_sp._FW510-R12_DAPi710E01-ORGi5081-96P404	570021	570021	97.97	536083	109.0	10	0	0	0.0	Rhodanobacter_sp._FW510-R12	LRK53_RS11415	0.0
LRK53_RS00805_R_sp._FW510-R12_DAPi710F10-ORGi5081-96P404	520821	520821	98.0	490298	105.5	10	0	0	0.0	Rhodanobacter_sp._FW510-R12	LRK53_RS00805	0.0
LRK53_RS14100_R_sp._FW510-R12_DAPi710E03-ORGi5081-96P404	539030	539030	98.06	506736	108.0	10	0	0	0.0	Rhodanobacter_sp._FW510-R12	LRK53_RS14100	0.0
LRK53_RS14460_R_sp._FW510-R12_DAPi710A05-ORGi5081-96P404	878495	878495	98.02	826928	106.0	10	0	0	0.0	Rhodanobacter_sp._FW510-R12	LRK53_RS14460	0.0
LRK53_RS14515_R_sp._FW510-R12_DAPi710B08-ORGi5081-96P404	947781	947781	98.09	892821	106.0	10	0	0	0.0	Rhodanobacter_sp._FW510-R12	LRK53_RS14515	0.0
LRK53_RS14740_R_sp._FW510-R12_DAPi710C08-ORGi5081-96P404	415987	415987	98.0	391102	109.0	10	0	0	0.0	Rhodanobacter_sp._FW510-R12	LRK53_RS14740	0.0
LRK53_RS16525_R_sp._FW510-R12_DAPi710E05-ORGi5081-96P404	645919	645919	98.03	607822	112.0	10	0	0	0.0	Rhodanobacter_sp._FW510-R12	LRK53_RS16525	0.0
LRK53_RS00905_R_sp._FW510-R12_DAPi710D04-ORGi5081-96P404	458369	458369	98.1	431122	108.0	10	0	0	0.0	Rhodanobacter_sp._FW510-R12	LRK53_RS00905	0.0
LRK53_RS17100_R_sp._FW510-R12_DAPi710D06-ORGi5081-96P404	555165	555165	98.03	522529	107.0	10	0	0	0.0	Rhodanobacter_sp._FW510-R12	LRK53_RS17100	0.0
LRK53_RS17195_R_sp._FW510-R12_DAPi710D08-ORGi5081-96P404	463710	463710	98.01	436255	110.0	10	0	0	0.0	Rhodanobacter_sp._FW510-R12	LRK53_RS17195	0.0
LRK54_RS00550_R_sp._FW510-R12_DAPi710E08-ORGi5081-96P404	637771	637771	97.99	599701	104.0	10	0	0	0.0	Rhodanobacter_sp._FW510-R12	LRK54_RS00550	0.0
LRK54_RS00750_R_sp._FW510-R12_DAPi710A04-ORGi5081-96P404	1084952	999975	97.95	940976	108.0	10	0	0	0.0	Rhodanobacter_sp._FW510-R12	LRK54_RS00750	0.0
LRK54_RS00915_R_sp._FW510-R12_DAPi710E09-ORGi5081-96P404	545658	545658	98.06	513310	107.0	10	0	0	0.0	Rhodanobacter_sp._FW510-R12	LRK54_RS00915	0.0
LRK54_RS01385_R_sp._FW510-R12_DAPi710B01-ORGi5081-96P404	896648	896648	98.12	843320	105.0	10	0	0	0.0	Rhodanobacter_sp._FW510-R12	LRK54_RS01385	0.0
LRK54_RS02110_R_sp._FW510-R12_DAPi710F08-ORGi5081-96P404	455738	455738	98.17	429214	107.0	10	0	0	0.0	Rhodanobacter_sp._FW510-R12	LRK54_RS02110	0.0
LRK54_RS02945_R_sp._FW510-R12_DAPi710F05-ORGi5081-96P404	564878	564878	98.1	531525	107.0	10	0	0	0.0	Rhodanobacter_sp._FW510-R12	LRK54_RS02945	0.0
LRK54_RS03140_R_sp._FW510-R12_DAPi710G02-ORGi5081-96P404	807613	807613	98.1	759201	106.0	10	0	0	0.0	Rhodanobacter_sp._FW510-R12	LRK54_RS03140	0.0
LRK54_RS04040_R_sp._FW510-R12_DAPi710E02-ORGi5081-96P404	590940	590940	98.03	555455	111.0	10	0	0	0.0	Rhodanobacter_sp._FW510-R12	LRK54_RS04040	0.0
LRK54_RS04090_R_sp._FW510-R12_DAPi710E07-ORGi5081-96P404	683388	683388	98.06	642399	107.0	10	0	0	0.0	Rhodanobacter_sp._FW510-R12	LRK54_RS04090	0.0
LRK54_RS04235_R_sp._FW510-R12_DAPi710E06-ORGi5081-96P404	630404	630404	98.02	592530	103.0	10	0	0	0.0	Rhodanobacter_sp._FW510-R12	LRK54_RS04235	0.0
LRK54_RS04395_R_sp._FW510-R12_DAPi710A11-ORGi5081-96P404	942008	942008	97.97	887106	105.0	10	0	0	0.0	Rhodanobacter_sp._FW510-R12	LRK54_RS04395	0.0
LRK54_RS04765_R_sp._FW510-R12_DAPi710B09-ORGi5081-96P404	962848	962848	98.11	908762	109.0	10	0	0	0.0	Rhodanobacter_sp._FW510-R12	LRK54_RS04765	0.0
LRK53_RS02525_R_sp._FW510-R12_DAPi710D09-ORGi5081-96P404	471318	471318	98.09	444037	108.0	10	0	0	0.0	Rhodanobacter_sp._FW510-R12	LRK53_RS02525	0.0
LRK54_RS05495_R_sp._FW510-R12_DAPi710C01-ORGi5081-96P404	671020	671020	98.02	630517	108.0	10	0	0	0.0	Rhodanobacter_sp._FW510-R12	LRK54_RS05495	0.0
LRK54_RS05830_R_sp._FW510-R12_DAPi710G07-ORGi5081-96P404	725462	725462	98.04	682896	108.0	10	0	0	0.0	Rhodanobacter_sp._FW510-R12	LRK54_RS05830	0.0
LRK54_RS07600_R_sp._FW510-R12_DAPi710C04-ORGi5081-96P404	432714	432714	98.06	407177	106.0	10	0	0	0.0	Rhodanobacter_sp._FW510-R12	LRK54_RS07600	0.0
LRK54_RS07945_R_sp._FW510-R12_DAPi710B07-ORGi5081-96P404	914903	914903	98.13	861234	108.0	10	0	0	0.0	Rhodanobacter_sp._FW510-R12	LRK54_RS07945	0.0
LRK54_RS07980_R_sp._FW510-R12_DAPi710E12-ORGi5081-96P404	872709	872709	97.91	821517	107.0	10	0	0	0.0	Rhodanobacter_sp._FW510-R12	LRK54_RS07980	0.0
LRK54_RS08060_R_sp._FW510-R12_DAPi710G05-ORGi5081-96P404	698013	698013	98.15	656660	107.0	10	0	0	0.0	Rhodanobacter_sp._FW510-R12	LRK54_RS08060	0.0
LRK54_RS08425_R_sp._FW510-R12_DAPi710F04-ORGi5081-96P404	67424	67424	98.2	63427	103.0	10	0	0	0.0	Rhodanobacter_sp._FW510-R12	LRK54_RS08425	0.0
LRK54_RS08720_R_sp._FW510-R12_DAPi710C09-ORGi5081-96P404	405339	405339	98.13	381598	108.0	10	0	0	0.0	Rhodanobacter_sp._FW510-R12	LRK54_RS08720	0.0
LRK54_RS09005_R_sp._FW510-R12_DAPi710B05-ORGi5081-96P404	781011	781011	98.09	734888	105.0	10	0	0	0.0	Rhodanobacter_sp._FW510-R12	LRK54_RS09005	0.0
LRK54_RS11395_R_sp._FW510-R12_DAPi710H05-ORGi5081-96P404	5547040	1000920	97.94	944693	102.0	10	0	0	0.0	Rhodanobacter_sp._FW510-R12	LRK54_RS11395	0.0
LRK54_RS11600_R_sp._FW510-R12_DAPi710F03-ORGi5081-96P404	480355	480355	98.06	452278	106.0	10	0	0	0.0	Rhodanobacter_sp._FW510-R12	LRK54_RS11600	0.0
LRK54_RS12010_R_sp._FW510-R12_DAPi710D05-ORGi5081-96P404	569869	569869	97.99	536122	108.0	10	0	0	0.0	Rhodanobacter_sp._FW510-R12	LRK54_RS12010	0.0
LRK54_RS12105_R_sp._FW510-R12_DAPi710G11-ORGi5081-96P404	694246	694246	98.09	654187	107.0	10	0	0	0.0	Rhodanobacter_sp._FW510-R12	LRK54_RS12105	0.0
LRK54_RS13010_R_sp._FW510-R12_DAPi710C10-ORGi5081-96P404	553308	553308	97.94	520901	109.0	10	0	0	0.0	Rhodanobacter_sp._FW510-R12	LRK54_RS13010	0.0
LRK54_RS13270_R_sp._FW510-R12_DAPi710C11-ORGi5081-96P404	469302	469302	98.04	442659	109.0	10	0	0	0.0	Rhodanobacter_sp._FW510-R12	LRK54_RS13270	0.0
LRK54_RS13870_R_sp._FW510-R12_DAPi710H07-ORGi5081-96P404	731532	731532	97.96	687330	109.0	10	0	0	0.0	Rhodanobacter_sp._FW510-R12	LRK54_RS13870	0.0
LRK54_RS14145_R_sp._FW510-R12_DAPi710G04-ORGi5081-96P404	739349	739349	98.06	695915	105.0	10	0	0	0.0	Rhodanobacter_sp._FW510-R12	LRK54_RS14145	0.0
LRK54_RS14480_R_sp._FW510-R12_DAPi710D03-ORGi5081-96P404	285177	285177	98.02	268324	106.0	10	0	0	0.0	Rhodanobacter_sp._FW510-R12	LRK54_RS14480	0.0
LRK54_RS17520_R_sp._FW510-R12_DAPi710B02-ORGi5081-96P404	756137	756137	98.1	711161	108.0	10	0	0	0.0	Rhodanobacter_sp._FW510-R12	LRK54_RS17520	0.0
LRK54_RS17690_R_sp._FW510-R12_DAPi710H04-ORGi5081-96P404	686137	686137	97.96	645126	109.0	10	0	0	0.0	Rhodanobacter_sp._FW510-R12	LRK54_RS17690	0.0
LRK54_RS17945_R_sp._FW510-R12_DAPi710D01-ORGi5081-96P404	400642	400642	98.01	376511	106.0	10	0	0	0.0	Rhodanobacter_sp._FW510-R12	LRK54_RS17945	0.0
LRK54_RS17955_R_sp._FW510-R12_DAPi710B03-ORGi5081-96P404	753063	753063	98.14	709091	108.0	10	0	0	0.0	Rhodanobacter_sp._FW510-R12	LRK54_RS17955	0.0
LRK53_RS04590_R_sp._FW510-R12_DAPi710D02-ORGi5081-96P404	395005	395005	98.01	371393	107.0	10	0	0	0.0	Rhodanobacter_sp._FW510-R12	LRK53_RS04590	0.0
