genome,cluster,score
68-29.upstreams.fna,0_1,0.0985585
SCN69-32.upstreams.fna,0_2,-0.9
SCN18_26_2_15_R4_B_68_45.upstreams.fna,0_3,0.09907063999999999
OR92.upstreams.fna,0_4,0.0987458
FW106-PBR-R2A-1-13.upstreams.fna,0_5,0.09588703999999992
OR444.upstreams.fna,0_6,-0.9
LX-100.upstreams.fna,0_7,0.09961805000000001
FW510-T8.upstreams.fna,0_8,0.09999004999999994
FW106-02_bin.9.upstreams.fna,0_9,0.09916506000000003
FW106-10_bin.17.upstreams.fna,0_10,-0.9
FW106-PBR-LB-2-19.upstreams.fna,0_11,0.09506340000000002
FW104-R8.upstreams.fna,0_12,0.09978589999999998
116-2.upstreams.fna,0_13,0.0999932
115.upstreams.fna,0_14,-0.9
7MK24.upstreams.fna,0_15,-0.9
A1T4.upstreams.fna,0_16,-0.9
ANJX3.upstreams.fna,0_17,-0.9
B04.upstreams.fna,0_18,-0.9
B05.upstreams.fna,0_19,-0.9
B2A1Ga4.upstreams.fna,0_20,-0.9
B39.upstreams.fna,0_21,-0.9
C01.upstreams.fna,0_22,-0.9
C03.upstreams.fna,0_23,-0.9
C05.upstreams.fna,0_24,-0.9
C06.upstreams.fna,0_25,-0.9
CR1.upstreams.fna,0_26,-0.9
DHB23.upstreams.fna,0_27,-0.9
DHG33.upstreams.fna,0_28,-0.9
DSM17932.upstreams.fna,0_29,-0.9
FDAARGOS_1247.upstreams.fna,0_30,-0.9
FW021_bin.3.upstreams.fna,0_31,-0.9
FW021_bin.35.upstreams.fna,0_32,-0.9
FW104-MT042.upstreams.fna,0_33,-0.9
FW104-T7.upstreams.fna,0_34,-0.9
FW106-02_bin.6.upstreams.fna,0_35,-0.9
FW106-02_bin.8.upstreams.fna,0_36,-0.9
FW106-10_bin.24.upstreams.fna,0_37,-0.9
FW107-2APBS1.upstreams.fna,0_38,-0.9
Jip2.upstreams.fna,0_39,-0.9
K2T2.upstreams.fna,0_40,-0.9
KCTC22232.upstreams.fna,0_41,-0.9
L36.upstreams.fna,0_42,-0.9
LCS2.upstreams.fna,0_43,-0.9
MO64.upstreams.fna,0_44,-0.9
MP1X3.upstreams.fna,0_45,-0.9
MP7CTX1.upstreams.fna,0_46,-0.9
OK091.upstreams.fna,0_47,-0.9
OR87.upstreams.fna,0_48,-0.9
PCA2.upstreams.fna,0_49,-0.9
RIFOXYA1_FULL_67_6.upstreams.fna,0_50,-0.9
Root179.upstreams.fna,0_51,-0.9
Root480.upstreams.fna,0_52,-0.9
Root561.upstreams.fna,0_53,-0.9
Root627.upstreams.fna,0_54,-0.9
S10.upstreams.fna,0_55,-0.9
S13Y.upstreams.fna,0_56,-0.9
S2_005_003_R2_42.upstreams.fna,0_57,-0.9
SCN18_26_2_15_R2_P_68_51.upstreams.fna,0_58,-0.9
SCN66-43.upstreams.fna,0_59,-0.9
SCN67-45.upstreams.fna,0_60,-0.9
SCN68-63.upstreams.fna,0_61,-0.9
Soil772.upstreams.fna,0_62,-0.9
T01E-68.upstreams.fna,0_63,-0.9
T12-5.upstreams.fna,0_64,-0.9
TND4EH1.upstreams.fna,0_65,-0.9
TND4FH1.upstreams.fna,0_66,-0.9
VAB.upstreams.fna,0_67,-0.9
Yn1.upstreams.fna,0_68,-0.9
